"Alfredo Ladue ","C48478895","59 Hartford Road ","Dalton, GA","30721","United States"
"Abbie Degroff  ","C24978444","8586 Lancaster Dr. ","Peabody, MA","01960","United States"
"Abraham Jack  ","C40137807","7333 East Paris Hill St. ","Avon Lake, OH","44012","United States"
"Agustin Moshier  ","C78590517","930C Gartner Dr. ","Ottumwa, IA","52501","United States"
"Agustina Chiesa ","C83131717","7909 S. Lafayette Dr. ","La Porte, IN","46350","United States"
"Ahmed Ginter  ","C01118041","7350 Snake Hill Street ","Phoenix, AZ","85021","United States"
"Alanna Abril  ","C16792118","76 Evergreen Dr. ","Nashville, TN","37205","United States"
"Aldo Sampley  ","C56140290","688 Applegate Court ","Roseville, MI","48066","United States"
"Aline Pinnix  ","C24594187","7984 E. Central St. ","Champlin, MN","55316","United States"
"Alison Ellery  ","C72769925","8085 SW. Bellevue Ave. ","North Canton, OH","44720","United States"
"Alita Bustle  ","C65336137","8748 Wild Rose Road ","Glendale, AZ","85302","United States"
"Allan Linton  ","C23414435","11 Rocky River Road ","Chester, PA","19013","United States"
"Allegra Pellett  ","C48702226","537 Joy Ridge Road ","Hummelstown, PA","17036","United States"
"Allen Sabourin ","C66773441","51 Old San Pablo Lane ","Cockeysville, MD","21030","United States"
"Almeta Heinze ","C27103461","8200 South Primrose Ave. ","Holbrook, NY","11741","United States"
"Alonso Seaberg  ","C21472448","82 Arch Drive ","Cranford, NJ","07016","United States"
"Angel Goins  ","C00325530","575 N. Rockland Avenue ","Saint Charles, IL","60174","United States"
"Angelia Armstrong  ","C51846381","996 Birchpond Ave. ","Prattville, AL","36067","United States"
"Annie Crispin ","C12479834","793 Wellington St. ","Patchogue, NY","11772","United States"
"Antonina Hague  ","C35062994","730 East Sycamore Street ","Victoria, TX","77904","United States"
"Antonio Bennett  ","C99768843","43 Whitemarsh Ave. ","Chelmsford, MA","01824","United States"
"Aretha Vandermeulen  ","C59924783","96 Durham Dr. ","Monroe Township, NJ","08831","United States"
"Arlen Ganser  ","C45822260","51 East Maple Street ","Massillon, OH","44646","United States"
"Arlinda Fontanez  ","C92485074","9426 Gates Drive ","Bayonne, NJ","07002","United States"
"Arron Mixon  ","C78530114","921 Mountainview Ave. ","Webster, NY","14580","United States"
"Artie Swarts ","C75102284","7137 Arlington Ave. ","Altoona, PA","16601","United States"
"Ashton Kirsh  ","C06160550","232 Sutor Drive ","Hobart, IN","46342","United States"
"Assunta Stott  ","C30738390","8152 Tunnel Court ","Stevens Point, WI","54481","United States"
"Asuncion Ostrow ","C28897839","857 Sherman Rd. ","Orlando, FL","32806","United States"
"Aura Whiten  ","C83984427","212 Ridgeview Drive ","Jersey City, NJ","07302","United States"
"Ayako Ingraham  ","C05569525","9120 Thatcher Lane ","Rocklin, CA","95677","United States"
"Bao Dixson  ","C48848885","32 Princess Ave. ","Palm Beach Gardens, FL","33410","United States"
"Barbara Aceto  ","C15540946","48 Wood Street ","Linden, NJ","07036","United States"
"Bart Percy  ","C78153300","225 Redwood St. ","Goose Creek, SC","29445","United States"
"Benedict Caughman ","C07949933","722 S. Jones Rd. ","Bay Shore, NY","11706","United States"
"Bernadine Naron  ","C54661323","57 Amherst Circle ","Nampa, ID","83651","United States"
"Beryl Guse  ","C91645663","9114 Howard St. ","Glastonbury, CT","06033","United States"
"Bianca Rackers  ","C27185339","543 Green Hill Lane ","Clayton, NC","27520","United States"
"Billi Flippen ","C94466111","23 Glenlake Drive ","Grove City, OH","43123","United States"
"Blake Gorby  ","C89777459","9890 Shirley Dr. ","Schererville, IN","46375","United States"
"Bob Whitting ","C62097015","7470 Marconi Lane ","Ontario, CA","91762","United States"
"Bobette Mushrush  ","C38632005","9821 Young Road ","Fayetteville, NC","28303","United States"
"Bong Vanderhoof ","C52561144","9114 Linda Street ","Neenah, WI","54956","United States"
"Booker Burrus  ","C58453298","550 Swanson Ave. ","Kissimmee, FL","34741","United States"
"Brad Cowans  ","C44566886","78 Peninsula Street ","Shrewsbury, MA","01545","United States"
"Bradford Krawiec ","C57092608","8550 Holly Rd. ","Burlington, MA","01803","United States"
"Bradley Cannaday  ","C15986912","271 West Harvard St. ","Hermitage, TN","37076","United States"
"Briana Diana  ","C95715284","787 Richardson Ave. ","Saint Johns, FL","32259","United States"
"Brianna Goldsby  ","C16694239","7451 East Newcastle St. ","Benton Harbor, MI","49022","United States"
"Britta Siguenza  ","C27684695","90 Garden Drive ","Reisterstown, MD","21136","United States"
"Brittni Schlatter ","C08903758","80 Crescent Lane ","Williamsburg, VA","23185","United States"
"Buddy Ahearn  ","C69891102","7904 Linda Road ","Round Lake, IL","60073","United States"
"Burl Culley  ","C37002978","8937 Greenview Road ","Little Falls, NJ","07424","United States"
"Buster Wilmore  ","C70275583","81 Birchpond St. ","Florence, SC","29501","United States"
"Caitlin Ayotte  ","C59278188","7319 Amerige Street ","Lowell, MA","01851","United States"
"Calandra Bissette  ","C73399849","4 Oklahoma Street ","Cherry Hill, NJ","08003","United States"
"Callie Revard  ","C63889516","722 Longbranch Street ","Oak Creek, WI","53154","United States"
"Camelia Sessler  ","C56325904","7301 Gainsway Court ","Harlingen, TX","78552","United States"
"Camille Frampton  ","C85403046","674 Elizabeth Court ","Metairie, LA","70001","United States"
"Candace Rosson  ","C70031011","265 Blackburn St. ","Wasilla, AK","99654","United States"
"Cari Rawling  ","C61731100","922 Cross Street ","Coram, NY","11727","United States"
"Carlotta Bruso  ","C82810484","70 Charles St. ","Jackson Heights, NY","11372","United States"
"Carmela Carper ","C43793178","8467 Alton Ave. ","Jenison, MI","49428","United States"
"Carmelo Deck  ","C11525751","44 Piper St. ","Franklin, MA","02038","United States"
"Catherine Hancock  ","C09871859","8733 Schoolhouse St. ","Cottage Grove, MN","55016","United States"
"Cayla Frick  ","C05499111","69 S. Ryan Drive ","Norwood, MA","02062","United States"
"Cecil Brenton  ","C45359914","186 Cambridge Street ","Coatesville, PA","19320","United States"
"Cedric Sobolik  ","C13160190","735 Tunnel St. ","Romulus, MI","48174","United States"
"Celestine Swaim ","C03503569","8598 Orchard Drive ","Quakertown, PA","18951","United States"
"Celia Sipe  ","C03818910","591 Beaver Ridge Drive ","Ossining, NY","10562","United States"
"Charlsie Keaton  ","C82347926","8663 E. Indian Summer St. ","North Kingstown, RI","02852","United States"
"Cheree Kratz ","C86994529","9986 NE. Thomas St. ","Oak Forest, IL","60452","United States"
"Cherilyn Chica  ","C10096792","610 Gulf St. ","Hattiesburg, MS","39401","United States"
"Cherri Alday  ","C09437075","555 Glen Creek Court ","Shirley, NY","11967","United States"
"Cherrie Gourd ","C14718503","17 West Glenholme Rd. ","Tucson, AZ","85718","United States"
"Chet Chavez  ","C67937522","96 West Philmont Street ","Dublin, GA","31021","United States"
"Chet Genthner  ","C67376916","886 Devon Drive ","Randallstown, MD","21133","United States"
"China Koffler  ","C03824381","8466 Tower Dr. ","Lawrence, MA","01841","United States"
"Clayton Cavins  ","C30544838","7104 Blackburn Lane ","Midlothian, VA","23112","United States"
"Conchita Beil  ","C08247864","9437 Honey Creek Drive ","Addison, IL","60101","United States"
"Consuela Aiken ","C65934115","986 Redwood Rd. ","Defiance, OH","43512","United States"
"Cordie Flake  ","C31139633","27 Third Ave. ","Upper Marlboro, MD","20772","United States"
"Cortez Das  ","C79518973","514 Arnold Street ","Macungie, PA","18062","United States"
"Courtney Slaven  ","C70804189","807 Stillwater Ave. ","Winder, GA","30680","United States"
"Creola Tubbs ","C41930009","598 Saxon Street ","Powder Springs, GA","30127","United States"
"Cruz Hynd  ","C09150724","8197 Nichols St. ","Fleming Island, FL","32003","United States"
"Crystle Matias  ","C10420357","1 Acacia Lane ","Royal Oak, MI","48067","United States"
"Cuc Zimmerer  ","C14073896","350 Roehampton St. ","Lilburn, GA","30047","United States"
"Curtis Bulman  ","C21475954","711 West Elmwood Ave. ","Oswego, NY","13126","United States"
"Daisy Hedin  ","C21009277","968 Gulf St. ","Hoboken, NJ","07030","United States"
"Dale Monroe  ","C91565753","8014 SW. Birch Hill St. ","Wayne, NJ","07470","United States"
"Damien Dick ","C76055562","7299 53rd Ave. ","Dedham, MA","02026","United States"
"Dan Pellegrin  ","C51757457","7 Joy Ridge Street ","Bangor, ME","04401","United States"
"Deana Goree  ","C08450407","80 Crescent St. ","Vincentown, NJ","08088","United States"
"Debbi Rethman  ","C32462385","22 Armstrong Street ","Christiansburg, VA","24073","United States"
"Del Bellefeuille  ","C32506442","687 West High Noon St. ","Evans, GA","30809","United States"
"Delinda Monty ","C15954887","8498 Elmwood Road ","Long Beach, NY","11561","United States"
"Delmer Exley  ","C37332005","962 Sherwood Court ","Englewood, NJ","07631","United States"
"Deloise Scheerer  ","C39865574","7890 Trout Ave. ","Kennewick, WA","99337","United States"
"Denice Capella  ","C32260224","289 Purple Finch Circle ","Evanston, IL","60201","United States"
"Dennise Poirier ","C30621082","687 Division Drive ","Media, PA","19063","United States"
"Desmond Lamy  ","C93725161","476 W. Woodsman St. ","Snellville, GA","30039","United States"
"Destiny Cottone  ","C97177247","490 Cedarwood St. ","Fremont, OH","43420","United States"
"Diane Genna  ","C97994977","61 Military St. ","Cary, NC","27511","United States"
"Dinah Woodcock  ","C38890148","226 Valley Farms Lane ","Hudson, NH","03051","United States"
"Dion Prosperie  ","C84842709","499 Bellevue Court ","Brooklyn, NY","11201","United States"
"Dona Adkison  ","C92457685","963 Bridle St. ","Miami Gardens, FL","33056","United States"
"Donovan Ivey  ","C01800995","440 SE. Pendergast Dr. ","Terre Haute, IN","47802","United States"
"Dottie Pearl  ","C27497226","15 Argyle Lane ","Orange, NJ","07050","United States"
"Duane Gearhart ","C27524846","156 Jefferson Street ","East Brunswick, NJ","08816","United States"
"Dusti Taubman  ","C62923696","7920 Myrtle Avenue ","Leland, NC","28451","United States"
"Dusty Finnie ","C85586483","7691 Marsh Street ","Bartlett, IL","60103","United States"
"Dwayne Brodersen  ","C50752531","12 Sherman Dr. ","Southfield, MI","48076","United States"
"Dwayne Updegraff  ","C18469287","129 Poplar St. ","Hamburg, NY","14075","United States"
"Earl Griffey ","C08249826","843 Church Ave. ","Brookline, MA","02446","United States"
"Earlene Kimble  ","C25963741","9063 Evergreen Road ","San Angelo, TX","76901","United States"
"Earline Fuston ","C37368503","87 Alton Drive ","Brighton, MA","02135","United States"
"Edith Scarpelli  ","C21248506","67 County Dr. ","Watertown, MA","02472","United States"
"Edmond Kennerly  ","C20360171","501 High Point Drive ","Bronx, NY","10451","United States"
"Edmund Hon  ","C58666020","7580 Wood Street ","Trenton, NJ","08610","United States"
"Edward Zayas  ","C47663396","74 Goldfield Avenue ","Torrington, CT","06790","United States"
"Elias Guerra  ","C31227272","7658 Schoolhouse Rd. ","Anchorage, AK","99504","United States"
"Elina Horning  ","C09268264","46 West Lilac Drive ","Cartersville, GA","30120","United States"
"Elinor Perrault  ","C21205739","784 Amerige Street ","Daphne, AL","36526","United States"
"Elli Carolina  ","C30207064","20 High Ridge Street ","San Antonio, TX","78213","United States"
"Elois Topete  ","C58984901","77 W. Rockcrest Drive ","Perrysburg, OH","43551","United States"
"Elton Colas  ","C34545540","55 Manor Station Street ","Orland Park, IL","60462","United States"
"Elvera Thedford  ","C60299524","665 Mayfield Street ","Huntsville, AL","35803","United States"
"Elwood Sanon  ","C69383502","454 Old Smoky Hollow St. ","Ambler, PA","19002","United States"
"Emery Keely  ","C67164927","827 Beechwood Ave. ","Port Richey, FL","34668","United States"
"Emily Bixler  ","C06509508","139 South Beechwood St. ","Sun Prairie, WI","53590","United States"
"Emily Mcshan ","C29351554","7622 West College Road ","Thornton, CO","80241","United States"
"Eryn Ramsier  ","C07801840","389 West Hillcrest Drive ","Austin, MN","55912","United States"
"Eufemia Galbraith  ","C04298288","9996 Birchpond St. ","New Haven, CT","06511","United States"
"Eufemia Hennemann ","C47811656","7 Thompson Dr. ","Bemidji, MN","56601","United States"
"Eugene Clover  ","C75079206","93 Cross Rd. ","Colonial Heights, VA","23834","United States"
"Eugene Tassin  ","C45047216","316 Walnut Avenue ","Avon, IN","46123","United States"
"Evangelina Soltis  ","C83781668","674 Marconi Drive ","Framingham, MA","01701","United States"
"Evon Hilderbrand  ","C72560294","91 Grove St. ","Ooltewah, TN","37363","United States"
"Faustino Kardos  ","C80400905","310 Railroad Ave. ","Long Branch, NJ","07740","United States"
"Fawn Trimm ","C72075459","7076 Del Monte Street ","Mokena, IL","60448","United States"
"Federico Dorr  ","C39552607","68 Primrose St. ","Fishers, IN","46037","United States"
"Felicitas Ayoub ","C14536316","15 Sherwood St. ","Bethesda, MD","20814","United States"
"Felicitas Tan  ","C43037764","913 East Beaver Ridge Street ","Petersburg, VA","23803","United States"
"Flo Kiss  ","C90951151","74 N. Plymouth Street ","New Hyde, NY","11040","United States"
"Florinda Stolle  ","C12357591","170 James Ave. ","Great Falls, MT","59404","United States"
"Forrest Sweetland ","C12962882","528 West Marsh Dr. ","Enterprise, AL","36330","United States"
"Francisco Carlile  ","C76454033","7 Dunbar Ave. ","Mooresville, NC","28115","United States"
"Freeman Dubuque  ","C21604624","9862 Bridge Lane ","Louisville, KY","40207","United States"
"Fumiko Northern ","C94980108","9 High Noon St. ","Jamestown, NY","14701","United States"
"Gabriele Manning  ","C71019938","9 South Durham Street ","Muscatine, IA","52761","United States"
"Gail Podesta  ","C98042737","1 Golden Star Drive ","Campbell, CA","95008","United States"
"Garret Espey  ","C97579223","95 Bridge Rd. ","Fargo, ND","58102","United States"
"Garret Grajales  ","C13998478","4 Rock Maple Drive ","Canonsburg, PA","15317","United States"
"Gaynelle Wolpert  ","C84114509","128 Hamilton Drive ","Bemidji, MN","56601","United States"
"Genaro Lister  ","C84019300","32 Young Road ","Hermitage, TN","37076","United States"
"Genesis Guffey  ","C01028199","48 Mountainview Drive ","Willingboro, NJ","08046","United States"
"Geoffrey Massenburg  ","C90097884","8446 8th Street ","Torrance, CA","90505","United States"
"Geoffrey Schiefelbein  ","C84306624","56 La Sierra St. ","Lewiston, ME","04240","United States"
"Georgann Dameron  ","C86657682","8540 Joy Ridge Lane ","Irwin, PA","15642","United States"
"Gerardo Huntsman  ","C40643659","9 Berkshire Street ","Maspeth, NY","11378","United States"
"Gertrudis Kiger  ","C08850216","8462 Durham Ave. ","Mokena, IL","60448","United States"
"Gilma Halterman  ","C16871370","8865 Rosewood Lane ","Stuart, FL","34997","United States"
"Gita Wilke  ","C10194273","14 Rose Rd. ","Chaska, MN","55318","United States"
"Glory Blythe  ","C27653209","3 Brandywine St. ","Mechanicsville, VA","23111","United States"
"Gonzalo Paladino  ","C73268494","581 Orchard Rd. ","Chester, PA","19013","United States"
"Graig Mcleod  ","C32974944","670 Joy Ridge St. ","Tiffin, OH","44883","United States"
"Gregg Mitchem  ","C83077153","847 Water Street ","Blacksburg, VA","24060","United States"
"Guillermo Woodard  ","C86742978","877 River Street ","Lititz, PA","17543","United States"
"Harley Work  ","C14002082","842 Thompson St. ","Myrtle Beach, SC","29577","United States"
"Harrison Relf  ","C14255897","877 Pacific Dr. ","Ambler, PA","19002","United States"
"Harry Berggren ","C47644231","71 Buckingham Rd. ","Kokomo, IN","46901","United States"
"Harvey Estill  ","C42407966","8 Laurel St. ","Germantown, MD","20874","United States"
"Hayden Begin  ","C96031110","932 Ann St. ","Brainerd, MN","56401","United States"
"Haywood Bien  ","C88336451","7125 N. Somerset St. ","Newton, NJ","07860","United States"
"Haywood Knighten  ","C31069624","53 Lees Creek St. ","Chardon, OH","44024","United States"
"Henry Towne  ","C07477896","813 Pearl St. ","Egg Harbor Township, NJ","08234","United States"
"Heriberto Motto  ","C42717695","673 Theatre Street ","Romulus, MI","48174","United States"
"Hiram Peckham  ","C41536930","867 Mayflower Lane ","Aliquippa, PA","15001","United States"
"Horacio Tawil  ","C92610931","99 Smith Court ","Camden, NJ","08105","United States"
"Hugo Ureno  ","C23025600","273 North Stonybrook St. ","Harrisburg, PA","17109","United States"
"Illa Malagon  ","C60996089","118 East Bow Ridge Ave. ","Menasha, WI","54952","United States"
"Iluminada Mcmonagle  ","C99449925","55 Kingston Rd. ","Hastings, MN","55033","United States"
"Irving Donelson  ","C01503124","7296 Baker Rd. ","Massapequa, NY","11758","United States"
"Isabel Panther ","C43849387","7958 North Lower River St. ","Ooltewah, TN","37363","United States"
"Jacki Massi  ","C92927611","89 Walnut Ave. ","Mountain View, CA","94043","United States"
"Jacquiline Craghead  ","C33539096","556 N. Gonzales Circle ","Wausau, WI","54401","United States"
"Jaimee Popa  ","C17354762","29 Bay Drive ","New Castle, PA","16101","United States"
"Janella Mccloud ","C96765742","4 Garden Road ","Sterling Heights, MI","48310","United States"
"Janet Perine ","C22074540","9 W. Gates Street ","Bardstown, KY","40004","United States"
"Janey Lafrance  ","C73586594","212 Rockaway St. ","Ronkonkoma, NY","11779","United States"
"Jarvis Laprade  ","C98866852","8042 Lake View Rd. ","Fort Lauderdale, FL","33308","United States"
"Jayson Komar  ","C96117277","8340 Yukon Avenue ","Woburn, MA","01801","United States"
"Jeana Quackenbush  ","C18279079","63 S. Liberty St. ","Clifton, NJ","07011","United States"
"Jeanine Heng  ","C04147529","34 Stillwater Drive ","North Kingstown, RI","02852","United States"
"Jeanine Suggs  ","C13386471","91 West Greenview Street ","Madison Heights, MI","48071","United States"
"Jen Browner  ","C42193038","22 Creekside St. ","Tucker, GA","30084","United States"
"Jenee Guadalupe  ","C07808125","8769 Kent Street ","Roanoke, VA","24012","United States"
"Jeniffer Sayler ","C92236305","8514 Campfire Dr. ","Henrico, VA","23228","United States"
"Jerald Aschenbrenner  ","C74881992","7981 Oak Ave. ","Rosemount, MN","55068","United States"
"Jeraldine Clanton  ","C07601642","662 North Tallwood St. ","Missoula, MT","59801","United States"
"Jeremiah Strout  ","C70772259","7379 Summit Ave. ","Macomb, MI","48042","United States"
"Jerold Matta  ","C26844808","2 Trusel Street ","Madison, AL","35758","United States"
"Jerrell Juneau  ","C56913122","564 Grove Rd. ","Lanham, MD","20706","United States"
"Jerrica Gassett ","C08274016","633 University Drive ","Crawfordsville, IN","47933","United States"
"Joanna Senior  ","C82464916","800 Miles Street ","Derby, KS","67037","United States"
"Jodee Honey  ","C51566362","205 Edgefield Lane ","Clayton, NC","27520","United States"
"Johnathan Talbott ","C66688406","54 Gainsway Rd. ","Silver Spring, MD","20901","United States"
"Jonas Griest  ","C59066702","9036 George Street ","Macomb, MI","48042","United States"
"Jorge Drewry ","C71307214","8112 1st Drive ","Thornton, CO","80241","United States"
"Jorge Hattaway  ","C07030875","940 Sulphur Springs Drive ","Montgomery, AL","36109","United States"
"Josef Backer ","C68284213","8 E. Heather Street ","Hopewell, VA","23860","United States"
"Josef Shade  ","C59478804","236 Glen Eagles Ave. ","Chattanooga, TN","37421","United States"
"Jospeh Lunn  ","C91619336","8791 Bridle Ave. ","South Windsor, CT","06074","United States"
"Junita Pastorius ","C74301422","35 Tarkiln Hill St. ","Levittown, NY","11756","United States"
"Justin Goodlett  ","C25186634","1 Edgewood Drive ","Gettysburg, PA","17325","United States"
"Ka Mingle  ","C39139147","361 Oak Meadow Ave. ","Mount Airy, MD","21771","United States"
"Kaleigh Fults  ","C18722718","7 Rock Creek Ave. ","Glendale Heights, IL","60139","United States"
"Kareem Adair  ","C94612262","427 E. Elm St. ","Conway, SC","29526","United States"
"Karie Vaz  ","C30273573","15 Spruce Drive ","Chicopee, MA","01020","United States"
"Katharyn Vanfleet  ","C95432111","895 Kent Street ","Ada, OK","74820","United States"
"Katina Tellis  ","C06663657","688 Cherry Hill Ave. ","Blackwood, NJ","08012","United States"
"Keith Direnzo  ","C04026368","525 Mayflower Avenue ","Pataskala, OH","43062","United States"
"Kena Greenhalgh  ","C43241081","9577 St Margarets Ave. ","Fuquay Varina, NC","27526","United States"
"Kendra Petrik ","C10752257","9582 Golden Star Court ","Lake Jackson, TX","77566","United States"
"Kennith Blakeman  ","C92407980","1 Shady Lane ","North Ridgeville, OH","44039","United States"
"Kerrie Favor  ","C38802110","896 Sutor Street ","Barrington, IL","60010","United States"
"Keturah Getz  ","C97895535","143 Arnold Drive ","North Kingstown, RI","02852","United States"
"Keven Noblin  ","C27493373","924 Locust St. ","Brentwood, NY","11717","United States"
"Kira Minard ","C64823654","9937 Kirkland Drive ","Oak Lawn, IL","60453","United States"
"Klara Kissee ","C88128473","448 Henry Dr. ","Ames, IA","50010","United States"
"Kortney Hathaway  ","C26183179","961 Shady St. ","Norcross, GA","30092","United States"
"Kristie Grigg  ","C01278964","9251 Roberts St. ","Owensboro, KY","42301","United States"
"Lakeisha Rappa  ","C85167292","6 Union Court ","Norwich, CT","06360","United States"
"Landon Simmonds  ","C13877070","9917 East Beacon St. ","Bettendorf, IA","52722","United States"
"Lani Condit ","C73457393","4 Middle River Ave. ","Hopewell Junction, NY","12533","United States"
"Lanora Lail  ","C23113042","8284 Baker Ave. ","Indiana, PA","15701","United States"
"Laraine Garner ","C01439758","9888 Wood Avenue ","Taylors, SC","29687","United States"
"Larhonda Titus ","C06403618","30 Swanson Road ","Nazareth, PA","18064","United States"
"Larry Parkhurst  ","C41170106","7800 Hall Rd. ","Largo, FL","33771","United States"
"Latoyia Debow  ","C71531883","438 Amerige Avenue ","San Jose, CA","95127","United States"
"Latrice Elms  ","C26714071","8989 North Division Street ","Plymouth, MA","02360","United States"
"Launa Wittmer  ","C64346530","8417 Fairfield Court ","Aberdeen, SD","57401","United States"
"Lauren Acy ","C81036508","62 Hamilton Drive ","West Warwick, RI","02893","United States"
"Laurine Machuca  ","C38162426","8 South Highland Lane ","Jacksonville, NC","28540","United States"
"Lawanna Urick  ","C85782135","412 Cobblestone St. ","Plainview, NY","11803","United States"
"Lea Speier  ","C78490344","87 Bishop Ave. ","Holly Springs, NC","27540","United States"
"Leann Paneto  ","C18329562","9473 Tallwood Lane ","El Paso, TX","79930","United States"
"Leilani Goods  ","C81207530","7892 Buttonwood Court ","Mentor, OH","44060","United States"
"Lenore Atwater ","C57889880","8693 W. Rock Creek St. ","Nanuet, NY","10954","United States"
"Leoma Beaulieu  ","C36260959","37 Henry Smith Avenue ","Helotes, TX","78023","United States"
"Leonel Steppe  ","C16105364","9106 Carriage Street ","Amityville, NY","11701","United States"
"Leonila Currington  ","C40638750","9927 Devon Dr. ","Leominster, MA","01453","United States"
"Leonora Hazel  ","C49038473","46 South River Drive ","Whitehall, PA","18052","United States"
"Leora Steenbergen ","C69366800","22 Glenholme Lane ","Dawsonville, GA","30534","United States"
"Lesa Tenny  ","C47688229","8639 Snake Hill Court ","Michigan City, IN","46360","United States"
"Ligia Karlson  ","C95383605","18 Lakeview Ave. ","Greenwood, SC","29646","United States"
"Lili Ference  ","C12127188","9856 Myrtle Rd. ","Corpus Christi, TX","78418","United States"
"Lincoln Alarcon  ","C59811878","737 Nicolls Dr. ","Halethorpe, MD","21227","United States"
"Lindsy Garoutte  ","C89418182","666 North Foster Court ","Danbury, CT","06810","United States"
"Lindy Roses ","C13052355","9322 N. Evergreen Ave. ","Youngstown, OH","44512","United States"
"Ling Mcgarr ","C78188331","875 River St. ","New Britain, CT","06051","United States"
"Linwood Laviolette  ","C70984800","253 Pheasant Avenue ","Chicago Heights, IL","60411","United States"
"Lizeth Mondor  ","C29571675","998 Delaware Rd. ","Elmont, NY","11003","United States"
"Lon Muhammad  ","C86666037","65 Talbot St. ","Muskegon, MI","49441","United States"
"Lonnie Germano  ","C21745840","855 Laurel St. ","Onalaska, WI","54650","United States"
"Lonnie Montas  ","C37455680","7114 Myrtle Drive ","Mchenry, IL","60050","United States"
"Lonny Barlett  ","C21079777","86 State Street ","Astoria, NY","11102","United States"
"Loralee Gowin ","C20086939","616 Young St. ","Palm Harbor, FL","34683","United States"
"Louie Dick  ","C04825124","9240 Woodland Street ","Gulfport, MS","39503","United States"
"Loyce Bartkowiak  ","C32692191","4 Winchester St. ","Washington, PA","15301","United States"
"Luann Swayze ","C26543103","974 Golden Star Street ","Charlotte, NC","28205","United States"
"Lydia Bourland  ","C04909591","9620 Bishop Court ","Shakopee, MN","55379","United States"
"Lynwood Prejean  ","C54229732","644 Glenholme Drive ","Muskogee, OK","74403","United States"
"Madelyn Nabors  ","C30708160","8168 Hudson Ave. ","Middleton, WI","53562","United States"
"Mafalda Toll  ","C86286285","8915 Woodside Lane ","Coraopolis, PA","15108","United States"
"Malcolm Nottingham  ","C08293244","9884 Lafayette Rd. ","Chesterton, IN","46304","United States"
"Marc Lockard  ","C49837040","103 Constitution Ave. ","Rockford, MI","49341","United States"
"Marcel Radley  ","C13402595","729 Lees Creek Ave. ","Oak Creek, WI","53154","United States"
"Marcel Seiter  ","C20906890","250 Eagle Dr. ","Hoboken, NJ","07030","United States"
"Marcela Kroh  ","C13864605","22 Jennings Ave. ","Yuma, AZ","85365","United States"
"Marcelle Salvo ","C89340091","76 Olive Street ","Madison, AL","35758","United States"
"Marcos Randolph  ","C54162669","7560 Greenview Street ","Oswego, NY","13126","United States"
"Marcos Toles  ","C06967215","11 E. Liberty Street ","High Point, NC","27265","United States"
"Margery Hardee  ","C17264121","772 Lawrence Lane ","Dyersburg, TN","38024","United States"
"Margy Tokarski  ","C53842684","283 Birchpond St. ","Cumming, GA","30040","United States"
"Marhta Raymo  ","C04715874","73 Gulf Lane ","Annandale, VA","22003","United States"
"Mariette Sova ","C76649165","72 Gulf St. ","Sacramento, CA","95820","United States"
"Marin Bernstein ","C96981638","7223 Albany Dr. ","Sebastian, FL","32958","United States"
"Marina Papp ","C16498674","534 Tallwood St. ","Muskogee, OK","74403","United States"
"Maris Mattis  ","C83114676","8540 North Selby Dr. ","Santa Clara, CA","95050","United States"
"Marivel Zastrow  ","C78012805","645 Pierce Drive ","Hudsonville, MI","49426","United States"
"Markus Restivo  ","C84909936","1 Smith Drive ","Scarsdale, NY","10583","United States"
"Marnie Brooks  ","C35099396","7821 Homewood Dr. ","Willoughby, OH","44094","United States"
"Marx Hanus  ","C72167319","866 Park Ave. ","Butler, PA","16001","United States"
"Marx Keeter ","C86634934","89 Airport Court ","Tucson, AZ","85718","United States"
"Marybelle Willson ","C05614049","618 Grove Road ","Voorhees, NJ","08043","United States"
"Maximina Rising ","C86396781","378 Euclid St. ","Deltona, FL","32725","United States"
"Maxwell Ralls  ","C14772681","6 East Vernon Court ","Mason, OH","45040","United States"
"Maynard Cordle  ","C32346966","7069 Inverness Lane ","Clayton, NC","27520","United States"
"Mayra Selleck ","C27136720","586 Applegate Avenue ","Mankato, MN","56001","United States"
"Mckinley Garwood  ","C14892590","8460 Halifax St. ","Mount Holly, NJ","08060","United States"
"Melina Westbrook  ","C14923147","126 W. Cedar Swamp Lane ","Cranston, RI","02920","United States"
"Mellie Melendrez  ","C80457413","52 Tallwood St. ","Horn Lake, MS","38637","United States"
"Melony Zerbe  ","C84621176","31 Mayfield Dr. ","Mooresville, NC","28115","United States"
"Merideth Cafferty ","C81500714","8993 Pierce Dr. ","Jackson, NJ","08527","United States"
"Merrill Shafer  ","C45955981","251 Lyme Drive ","Apple Valley, CA","92307","United States"
"Mervin Cipriani  ","C30745020","7 Rockaway St. ","Grand Blanc, MI","48439","United States"
"Michael Headen  ","C64890076","80 S. Lakewood Street ","Winder, GA","30680","United States"
"Michelle Cleary  ","C71609355","239 Cleveland Street ","Winder, GA","30680","United States"
"Mikel Saffer  ","C63138606","8867 Parker Street ","Redford, MI","48239","United States"
"Mila Herrera  ","C04995702","7 Harvard Street ","Racine, WI","53402","United States"
"Mimi Reinbold  ","C85476485","9286 Pennsylvania St. ","Ravenna, OH","44266","United States"
"Minda Remley  ","C09988578","59 S. Evergreen Street ","Fall River, MA","02720","United States"
"Miranda Kettle  ","C92926895","89 Monroe Dr. ","New York, NY","10002","United States"
"Mohammad Prost  ","C48744750","8340 Brown Drive ","New Hyde Park, NY","11040","United States"
"Mohammad Wysong  ","C95773532","8231 Mill Street ","Indian Trail, NC","28079","United States"
"Monique Kellog  ","C33811361","34 Peg Shop Lane ","Carol Stream, IL","60188","United States"
"Monique Tapley  ","C12590905","25 Joy Ridge Ave. ","Battle Creek, MI","49015","United States"
"Monroe Bator  ","C17929453","72 Sycamore St. ","Lake Jackson, TX","77566","United States"
"Morgan Konopka  ","C15296818","27 E. San Pablo Street ","Navarre, FL","32566","United States"
"Murray Makuch  ","C14668846","165 East St. ","West Babylon, NY","11704","United States"
"Myles Wu ","C68025068","56 Fairfield Street ","Lilburn, GA","30047","United States"
"Myrtis Lasso  ","C10197747","53 Cleveland Lane ","Greensburg, PA","15601","United States"
"Nannie Magar  ","C71782291","832 New Street ","Apple Valley, CA","92307","United States"
"Narcisa Earheart  ","C06156888","22 North Saxon Street ","Menomonee Falls, WI","53051","United States"
"Nathanael Berberich  ","C87428573","859 Birchwood St. ","Libertyville, IL","60048","United States"
"Neda Bettinger  ","C59931394","319 Lincoln St. ","Liverpool, NY","13090","United States"
"Neil Mchaney  ","C53441643","7193 Armstrong St. ","Ann Arbor, MI","48103","United States"
"Neil Tatom  ","C26765076","55 Hilldale St. ","Little Rock, AR","72209","United States"
"Neoma Zabriskie  ","C16504325","10 Princess Court ","Apple Valley, CA","92307","United States"
"Nery Tabarez ","C53333457","9888 Glen Eagles Lane ","Eden Prairie, MN","55347","United States"
"Neta Mealey  ","C35198559","7920 Cemetery Ave. ","Tampa, FL","33604","United States"
"Neville Gaccione  ","C27269290","3 Ocean Dr. ","Front Royal, VA","22630","United States"
"Nicholas Lounsbury  ","C90668509","80 Kirkland Lane ","Perrysburg, OH","43551","United States"
"Nichole Dildine  ","C26664628","7795 South Tunnel Street ","Nashua, NH","03060","United States"
"Nidia Hilburn ","C31694320","3C Country Club Rd. ","Stuart, FL","34997","United States"
"Nidia Sprvill  ","C43475556","60 Bowman Drive ","Chelsea, MA","02150","United States"
"Nieves Nicodemus  ","C62733395","8762 Creek St. ","Altamonte Springs, FL","32714","United States"
"Nigel Zona  ","C43024565","9458 King Avenue ","Hempstead, NY","11550","United States"
"Norberto Pinzon  ","C30600970","82 South Rock Creek Drive ","Tuscaloosa, AL","35405","United States"
"Noreen Matheney  ","C82119580","825 Trusel Dr. ","Morgantown, WV","26508","United States"
"Noriko Skillman  ","C68918511","8835 Wakehurst Lane ","Wake Forest, NC","27587","United States"
"Normand Brindley  ","C88293329","284 Henry Smith St. ","Glendale, AZ","85302","United States"
"Normand Herman ","C03441533","88 Madison Drive ","Saint Johns, FL","32259","United States"
"Ocie Pulley  ","C35873248","7282 Hall Ave. ","Reisterstown, MD","21136","United States"
"Oleta Staton  ","C29311922","853 8th St. ","Iowa City, IA","52240","United States"
"Olevia Tai  ","C54966610","994 8th Drive ","Morton Grove, IL","60053","United States"
"Oma Malo  ","C69525947","31 Orange Dr. ","Morganton, NC","28655","United States"
"Omar Rossignol  ","C44281556","9 Swanson Drive ","Greensburg, PA","15601","United States"
"Onita Bhakta  ","C52485357","3 Pendergast Ave. ","Natick, MA","01760","United States"
"Ora Sisco ","C80441129","9078 Wilson Rd. ","Santa Clara, CA","95050","United States"
"Palmira Hempel  ","C50505224","515 S. Lake Dr. ","Sicklerville, NJ","08081","United States"
"Pamelia Schoch ","C91786641","787 Garden Dr. ","Elmont, NY","11003","United States"
"Particia Langford  ","C86576417","58 Tallwood Avenue ","Hanover Park, IL","60133","United States"
"Patricia Burg  ","C46782808","9599 N. Mayfield Circle ","New Lenox, IL","60451","United States"
"Pedro Borgia  ","C33081692","144 Annadale St. ","Muskegon, MI","49441","United States"
"Penny Staggers ","C76576760","7727 Lake Forest Ave. ","North Attleboro, MA","02760","United States"
"Percy Weems  ","C92591998","3 Shore Avenue ","Chesterfield, VA","23832","United States"
"Phuong Colangelo  ","C38310529","8353 North White Dr. ","Myrtle Beach, SC","29577","United States"
"Pilar Elam ","C20675457","119 Country Club St. ","Peachtree City, GA","30269","United States"
"Pilar Fort  ","C00961029","9140 Walnutwood St. ","Orange, NJ","07050","United States"
"Ping Nettleton  ","C70107766","8374 Foxrun Drive ","Hialeah, FL","33010","United States"
"Pok Paton  ","C23031466","564 El Dorado Ave. ","Rego Park, NY","11374","United States"
"Pricilla Sevy  ","C24719957","200 Westport Rd. ","Portland, ME","04103","United States"
"Princess Ruge ","C68933344","45 Broad Ave. ","Hollywood, FL","33020","United States"
"Quinton Folk  ","C35394037","9939 Nut Swamp Street ","West Warwick, RI","02893","United States"
"Ramon Mui  ","C50090492","9860 Amerige Drive ","Kings Mountain, NC","28086","United States"
"Randall Alt  ","C69820136","207 Riverside Ave. ","Covington, GA","30014","United States"
"Rasheeda Pegram  ","C58095708","176 E. Sugar Lane ","West Deptford, NJ","08096","United States"
"Rashida Weary  ","C64280834","551 Pin Oak Drive ","Fargo, ND","58102","United States"
"Rayford Soderstrom  ","C83858830","166 El Dorado Street ","Middletown, CT","06457","United States"
"Raymond Sipple  ","C13758618","8531 Temple Street ","Port Saint Lucie, FL","34952","United States"
"Reba Bross  ","C11300257","9886 East Leeton Ridge Street ","Summerfield, FL","34491","United States"
"Reena Brickley ","C93596554","258 Union Street ","Muskogee, OK","74403","United States"
"Reid Tarrance  ","C98439701","219 Ridgeview Lane ","Dorchester Center, MA","02124","United States"
"Reiko Reich  ","C49327213","784 South School Street ","Norwood, MA","02062","United States"
"Renae Zajac ","C44903286","89 San Pablo Court ","Doylestown, PA","18901","United States"
"Renea Bohner  ","C84541407","686 Smith Road ","Greenfield, IN","46140","United States"
"Renita Pettigrew  ","C78833851","9354 Indian Summer Court ","Riverview, FL","33569","United States"
"Retha Sales  ","C27847443","89 Logan Street ","Niles, MI","49120","United States"
"Reyes Alonso  ","C44550764","997 Pheasant St. ","New Kensington, PA","15068","United States"
"Reyes Tinajero  ","C42901265","22 Van Dyke Ave. ","Saint Augustine, FL","32084","United States"
"Rhoda Min  ","C90258900","18 Delaware Street ","Media, PA","19063","United States"
"Ria Swyers  ","C47148625","169 Durham Rd. ","Bensalem, PA","19020","United States"
"Rick Dubinsky  ","C31006679","299 Arch St. ","Leland, NC","28451","United States"
"Rigoberto Tomas  ","C67685240","12 Leatherwood Street ","Front Royal, VA","22630","United States"
"Robt Samford  ","C28015855","371 Heritage St. ","Freehold, NJ","07728","United States"
"Rocco Santistevan  ","C23377748","200 Cross Ave. ","Whitestone, NY","11357","United States"
"Rochell Vanzile ","C50384603","46 S. Summit Avenue ","Williamsburg, VA","23185","United States"
"Rolanda Champagne ","C35730890","7706 Division Ave. ","Oak Park, MI","48237","United States"
"Rolland Blaney  ","C93801904","28 Locust Ave. ","Zeeland, MI","49464","United States"
"Roman Keister  ","C79505116","1 Rocky River Dr. ","Neenah, WI","54956","United States"
"Ronda Amyx  ","C45534087","8667 Beech St. ","Florence, SC","29501","United States"
"Rosalie Bohl ","C78974443","8620 Golf Avenue ","Zion, IL","60099","United States"
"Rosalyn Mcandrews  ","C03299419","383 Talbot Drive ","Hollywood, FL","33020","United States"
"Rosario Sievers  ","C06654315","99 San Pablo Ave. ","Dothan, AL","36301","United States"
"Rosemary Devenport  ","C99182564","8304 Campfire Dr. ","Natick, MA","01760","United States"
"Ross Brock  ","C37577727","9975 Henry Smith Drive ","Vernon Hills, IL","60061","United States"
"Ruben Wolfgang  ","C27383764","8507 Trenton Rd. ","Springfield Gardens, NY","11413","United States"
"Rubi Torbett  ","C97596602","433 Rockledge St. ","Fremont, OH","43420","United States"
"Russel Allums  ","C67013583","8683 Riverside Lane ","Ellenwood, GA","30294","United States"
"Rusty Gilmer  ","C83076774","7911 Woodland St. ","Media, PA","19063","United States"
"Ruth Juhl  ","C91318896","17 Spruce Court ","Saint Cloud, MN","56301","United States"
"Sallie Grogan ","C95690113","86 Miles Rd. ","Hartford, CT","06106","United States"
"Salome Mendonca  ","C23300158","9091 Bridle Street ","Lawrenceville, GA","30043","United States"
"Salvador Housand  ","C65984725","9770 Glen Creek Lane ","Indian Trail, NC","28079","United States"
"Sam Favela  ","C39971963","5 Lake Court ","Grayslake, IL","60030","United States"
"Sandra Perera ","C17222798","143 E. Blackburn Circle ","Longwood, FL","32779","United States"
"Santana Kall  ","C64228750","3 S. Fordham Dr. ","Mount Laurel, NJ","08054","United States"
"Santiago Stange  ","C52009687","24 Fawn Street ","Ladson, SC","29456","United States"
"Scottie Boylan  ","C34543071","8261 8th St. ","Oak Park, MI","48237","United States"
"Serena Sisneros  ","C43062405","9304 Corona Drive ","Caldwell, NJ","07006","United States"
"Shalanda Molinar ","C35552356","9275 Creek Court ","Milledgeville, GA","31061","United States"
"Shandra Hendry  ","C33994649","13 Magnolia Ave. ","Mount Holly, NJ","08060","United States"
"Shane Weirich  ","C89018394","74 Roehampton Street ","East Meadow, NY","11554","United States"
"Sharen Rodriques  ","C61372231","9390 West Plymouth St. ","Pomona, CA","91768","United States"
"Sharita Hallberg  ","C64619592","8018 Bridgeton Court ","Bridgeton, NJ","08302","United States"
"Shaunda Holoman  ","C77313208","8153 Kent Court ","Cleveland, TN","37312","United States"
"Sheena Nanez  ","C93096760","7513 Ridgeview Rd. ","Hudson, NH","03051","United States"
"Shelli Kornreich  ","C60398678","608 Pennsylvania Street ","Ronkonkoma, NY","11779","United States"
"Shelli Spilman  ","C06892777","1 W. Cobblestone Street ","Patchogue, NY","11772","United States"
"Shemika Lebowitz ","C90651550","8385 Belmont St. ","Ogden, UT","84404","United States"
"Shenita Callas  ","C48428958","9383 Hillside Court ","Sun City, AZ","85351","United States"
"Sherika Sickels  ","C84935859","286 Wellington St. ","Omaha, NE","68107","United States"
"Sherwood Alcala  ","C67384247","17 Poor House St. ","San Lorenzo, CA","94580","United States"
"Shirlene Dibernardo  ","C75503446","8991 Lower River St. ","Santa Monica, CA","90403","United States"
"Sina Greene  ","C12609425","14 San Pablo Street ","Lorain, OH","44052","United States"
"Sixta Saiki  ","C42459605","1 York Drive ","Minot, ND","58701","United States"
"Son Billick ","C68037389","9691 East Brookside Dr. ","Malden, MA","02148","United States"
"Sonny Whitehair  ","C17173835","579 Pawnee Ave. ","Falls Church, VA","22041","United States"
"Sook Patricia ","C43518313","764 High Point Rd. ","Centereach, NY","11720","United States"
"Stephane Tarleton  ","C56498303","1 Meadowbrook St. ","Asheboro, NC","27205","United States"
"Sterling Ensign  ","C53752081","340 Circle Dr. ","Miamisburg, OH","45342","United States"
"Steven Bongiorno  ","C07150376","654 North Center St. ","Noblesville, IN","46060","United States"
"Suanne Conant ","C98800157","8095 NW. Water Avenue ","Providence, RI","02904","United States"
"Sumiko Evitt  ","C10693643","17 Sussex Drive ","Troy, NY","12180","United States"
"Sumiko Seese  ","C48640710","360 Cherry St. ","Bethpage, NY","11714","United States"
"Susy Kesten ","C09770513","7289 North Crescent Drive ","Brighton, MA","02135","United States"
"Suzanna Flores  ","C47747680","7 Shirley St. ","Hopkinsville, KY","42240","United States"
"Suzy Brittan ","C80264254","7482 Shady St. ","Kingsport, TN","37660","United States"
"Tameika Job  ","C70094244","407 Briarwood St. ","Fairfax, VA","22030","United States"
"Tamiko Dolson  ","C81167044","9363 Windsor Court ","Granger, IN","46530","United States"
"Tammera Barsh ","C02877145","585 NW. White Ave. ","Terre Haute, IN","47802","United States"
"Tanisha Honig  ","C30492832","551C Glen Creek Dr. ","Marlton, NJ","08053","United States"
"Tawny Demartini  ","C21080835","171 Wellington St. ","Webster, NY","14580","United States"
"Telma Penn  ","C95749225","7992 Studebaker Street ","Galloway, OH","43119","United States"
"Tennille Desoto  ","C64880057","9893 Mill Pond Ave. ","Montgomery Village, MD","20886","United States"
"Terese Hains  ","C12899671","837 University St. ","Mahopac, NY","10541","United States"
"Terica Luzier  ","C94903213","901 High Point St. ","South Plainfield, NJ","07080","United States"
"Terry Pearsall  ","C94983758","7485 Thompson Street ","Colonial Heights, VA","23834","United States"
"Terry Sparrow  ","C58107114","307 Franklin Dr. ","Glen Ellyn, IL","60137","United States"
"Theressa Cheers  ","C70659260","159 White Street ","Jamestown, NY","14701","United States"
"Timmy Garon  ","C82312005","76 Willow Court ","Seymour, IN","47274","United States"
"Titus Magnusson  ","C13729167","3 Cactus Avenue ","Englishtown, NJ","07726","United States"
"Titus Ono  ","C63619691","9107 San Carlos St. ","Ontario, CA","91762","United States"
"Todd Obrien  ","C52634021","7345 Madison Road ","Williamsport, PA","17701","United States"
"Tommy Verrill  ","C04037686","7043 Wayne Court ","Gettysburg, PA","17325","United States"
"Tommye Alden  ","C84294990","432 Illinois Drive ","Calumet City, IL","60409","United States"
"Toney Cameron  ","C17521270","25 St Paul Road ","Philadelphia, PA","19111","United States"
"Tony Cowley  ","C71370303","7939 Edgefield Road ","Helotes, TX","78023","United States"
"Treasa Stermer  ","C00237813","445 Boston Court ","Jamaica Plain, MA","02130","United States"
"Trena Heiney  ","C10438270","84 Locust Street ","Nottingham, MD","21236","United States"
"Tristan Corprew ","C59239911","8716 Windfall Ave. ","Elizabeth City, NC","27909","United States"
"Tuan Chaplin  ","C83486367","826 Riverside St. ","Ocoee, FL","34761","United States"
"Tyisha Maxie  ","C07357492","7938 Shub Farm Drive ","West Orange, NJ","07052","United States"
"Val Sumner  ","C20420115","105 Glenlake Street ","Port Chester, NY","10573","United States"
"Valentin Effler  ","C39189253","660 Summer Ave. ","Huntington, NY","11743","United States"
"Valerie Herzberg  ","C14434489","936 Pine St. ","Dedham, MA","02026","United States"
"Vallie Bertolini  ","C76784526","124 North Rockville St. ","Park Forest, IL","60466","United States"
"Vanesa Matsuda ","C61692378","205 E. Bradford Dr. ","Pomona, CA","91768","United States"
"Vanita Centeno ","C17500031","9745 Blue Spring Road ","New Orleans, LA","70115","United States"
"Verena Amburgey  ","C19661819","87 Roehampton Street ","Stow, OH","44224","United States"
"Veronika Sanches ","C55874570","40 James Street ","Camden, NJ","08105","United States"
"Victoria Younan  ","C63335944","9892 Goldfield St. ","Crawfordsville, IN","47933","United States"
"Virgie Olivar  ","C15023762","176 W. Bishop Dr. ","Hephzibah, GA","30815","United States"
"Viviana Silverman ","C78576696","9354 Baker Circle ","Durham, NC","27703","United States"
"Vivien Oppenheim  ","C60111551","608 Amerige St. ","Madison Heights, MI","48071","United States"
"Walker Grider  ","C21008166","8184 Poplar Drive ","Helena, MT","59601","United States"
"Weldon Lupo  ","C23637744","78 Longbranch Street ","Altoona, PA","16601","United States"
"Wendolyn Coney ","C19378826","8 W. Gainsway Street ","Muskegon, MI","49441","United States"
"Wendy Milliner  ","C46807522","3 Longbranch Court ","Macomb, MI","48042","United States"
"Wilfredo Printz  ","C62344618","446 Hilldale Street ","York, PA","17402","United States"
"Willena Brevard  ","C64350647","8409 Galvin Rd. ","Tallahassee, FL","32303","United States"
"Willene Hazlett ","C07114009","596 Hilltop Court ","Chelsea, MA","02150","United States"
"Willis Colombo  ","C24381045","29 Snake Hill Dr. ","Jamestown, NY","14701","United States"
"Wm Hathorn  ","C96069405","6 Morris Lane ","Atwater, CA","95301","United States"
"Yajaira Yamauchi ","C96178752","585 Miller Dr. ","Sebastian, FL","32958","United States"
"Yan Suttle  ","C65329753","104 Illinois Road ","Saint Charles, IL","60174","United States"
"Yasmin Kalb ","C76844722","110 Stonybrook Court ","Davison, MI","48423","United States"
"Yevette Hankin  ","C33969498","7446 Linden Avenue ","Kokomo, IN","46901","United States"
"Ying Quintanar ","C47424368","73 Corona Drive ","Richmond, VA","23223","United States"
"Yu Slawson ","C59294022","314 Garden Ave. ","Piedmont, SC","29673","United States"
"Yuki Desilets  ","C39180221","8860 Livingston St. ","Clarksville, TN","37040","United States"
"Yun Malcomb  ","C75509939","8848 Ridgewood Ave. ","Jacksonville, NC","28540","United States"
"Zachary Good  ","C69262993","9778 East Bayport Street ","Fairport, NY","14450","United States"
"Zachery Donlin  ","C17632325","389 South Main Lane ","Bakersfield, CA","93306","United States"
"Zackary Richburg  ","C32648952","59 E. Belmont St. ","Lawrence, MA","01841","United States"
"Zonia Fleischman ","C28732010","25 Thompson Street ","Nashville, TN","37205","United States"
"Zula Goodspeed  ","C52711453","44 Fulton St. ","Urbandale, IA","50322","United States"
